task_type,priority,story_points,title_length,description_length,labels_count,created_month,created_quarter,created_day_of_week,days_to_due,assignee_id,project_id,actual_hours
STORY,HIGH,2,66,138,2,5,2,3,83,8,5,15.5
EPIC,MEDIUM,2,81,105,1,11,4,5,87,6,2,15.1
TASK,LOW,8,16,143,3,1,1,6,13,3,4,44.1
BUG,MEDIUM,2,87,142,1,10,4,5,69,1,2,7.3
STORY,LOW,2,65,389,3,3,1,3,67,2,2,15.0
STORY,MEDIUM,5,76,0,2,6,2,2,61,5,3,25.4
STORY,MEDIUM,3,25,0,0,3,1,4,60,10,1,14.5
TASK,LOW,5,92,294,5,5,2,3,71,5,5,29.1
BUG,HIGH,1,60,0,2,9,3,3,24,10,4,4.1
TASK,MEDIUM,3,91,340,1,2,1,3,63,1,2,18.6
STORY,HIGH,1,89,321,1,11,4,3,86,1,5,8.8
EPIC,LOW,1,81,355,3,2,1,2,61,9,2,8.8
TASK,LOW,8,21,171,1,12,4,4,23,2,1,46.0
STORY,CRITICAL,1,62,177,0,6,2,4,30,7,5,7.7
STORY,MEDIUM,3,84,162,0,6,2,0,60,10,4,20.8
STORY,LOW,3,14,0,1,11,4,3,18,4,2,13.7
STORY,HIGH,2,36,322,3,11,4,3,56,7,1,15.0
BUG,MEDIUM,8,21,0,1,8,3,0,53,8,5,36.5
BUG,LOW,1,26,491,1,12,4,4,7,5,2,4.1
STORY,CRITICAL,5,15,179,0,11,4,1,69,1,2,43.3
BUG,MEDIUM,13,14,181,1,2,1,5,72,4,4,55.8
STORY,HIGH,3,66,0,4,9,3,1,79,10,1,21.9
STORY,LOW,8,37,472,1,2,1,4,52,3,3,61.1
STORY,LOW,1,87,399,5,1,1,6,4,10,2,5.1
BUG,LOW,3,78,0,1,10,4,3,34,5,5,11.1
TASK,MEDIUM,2,68,0,0,2,1,1,69,10,4,11.5
STORY,LOW,5,42,0,3,12,4,2,33,10,4,26.8
BUG,LOW,13,71,118,1,7,3,2,69,6,2,40.7
BUG,HIGH,2,59,0,2,8,3,0,38,2,2,9.4
STORY,LOW,5,28,497,5,5,2,4,26,7,2,30.2
BUG,CRITICAL,2,95,65,0,6,2,4,1,3,3,9.2
STORY,MEDIUM,3,78,356,0,12,4,1,4,1,2,23.4
STORY,HIGH,3,75,0,2,1,1,3,39,10,1,20.9
TASK,HIGH,13,56,214,1,6,2,4,54,3,5,95.2
EPIC,CRITICAL,3,48,250,0,12,4,1,90,9,2,36.1
TASK,MEDIUM,2,77,246,0,8,3,1,33,10,3,11.8
STORY,HIGH,1,42,475,0,3,1,5,33,6,5,6.6
STORY,MEDIUM,2,22,234,3,11,4,5,72,6,4,12.7
BUG,CRITICAL,2,93,371,0,1,1,4,20,4,2,10.5
BUG,HIGH,2,63,314,1,11,4,1,16,8,5,12.1
STORY,MEDIUM,8,16,412,2,4,2,0,21,5,4,48.6
BUG,MEDIUM,3,88,0,1,1,1,0,45,7,3,11.0
STORY,HIGH,3,96,0,0,8,3,5,90,9,1,20.8
TASK,MEDIUM,1,23,0,3,5,2,4,87,5,2,4.5
STORY,LOW,8,96,263,0,1,1,3,82,5,1,42.2
BUG,MEDIUM,5,28,327,3,8,3,6,62,4,3,23.5
STORY,HIGH,1,63,211,3,9,3,0,31,6,5,6.3
BUG,CRITICAL,5,29,488,1,10,4,0,42,2,5,25.6
BUG,LOW,3,38,206,2,2,1,5,12,3,3,11.1
STORY,CRITICAL,1,33,471,1,9,3,5,65,1,3,10.1
EPIC,LOW,3,91,300,1,8,3,4,73,2,2,23.2
TASK,MEDIUM,3,72,415,3,7,3,5,3,2,4,17.0
TASK,LOW,2,83,0,3,3,1,2,90,8,1,9.2
TASK,MEDIUM,8,66,0,1,2,1,6,9,8,1,37.8
BUG,LOW,5,17,0,2,7,3,1,51,2,5,21.1
TASK,HIGH,5,99,498,4,5,2,0,16,6,5,28.3
STORY,MEDIUM,3,71,432,4,6,2,2,88,5,2,22.6
STORY,MEDIUM,3,38,146,2,4,2,3,78,3,3,22.0
STORY,MEDIUM,5,83,0,1,2,1,2,3,5,1,33.6
STORY,MEDIUM,3,26,265,1,9,3,4,24,5,2,17.4
STORY,LOW,1,75,181,4,3,1,3,73,5,5,5.3
STORY,LOW,3,15,0,0,12,4,3,13,3,5,17.6
TASK,MEDIUM,5,67,174,2,7,3,5,2,3,1,22.3
STORY,MEDIUM,3,78,0,1,8,3,2,71,4,5,20.2
STORY,MEDIUM,1,37,332,1,2,1,4,21,7,5,7.4
BUG,MEDIUM,5,71,220,1,6,2,0,19,2,4,23.8
STORY,HIGH,2,50,0,5,11,4,6,89,10,3,11.6
TASK,HIGH,2,78,0,0,8,3,5,47,4,5,12.5
STORY,HIGH,2,91,210,2,7,3,2,22,4,4,16.0
EPIC,HIGH,2,99,333,0,11,4,0,75,1,2,22.1
TASK,HIGH,5,93,155,0,3,1,2,33,10,5,24.9
STORY,HIGH,3,50,154,1,1,1,5,32,8,2,17.8
STORY,CRITICAL,2,58,488,2,6,2,0,64,1,5,17.7
TASK,CRITICAL,8,58,277,1,8,3,5,85,8,1,49.6
TASK,LOW,8,85,237,1,6,2,2,39,7,4,40.3
TASK,MEDIUM,8,80,119,0,5,2,3,84,9,4,48.9
TASK,HIGH,2,12,367,1,11,4,6,72,8,1,12.6
STORY,MEDIUM,3,19,339,4,12,4,1,42,5,3,23.3
STORY,HIGH,13,98,136,4,8,3,6,9,8,4,75.7
STORY,LOW,5,44,419,1,2,1,3,25,10,2,27.3
TASK,MEDIUM,1,89,0,2,12,4,5,89,3,4,4.1
BUG,CRITICAL,1,11,105,4,1,1,6,2,10,3,5.0
STORY,MEDIUM,3,33,162,0,1,1,5,19,7,2,22.3
STORY,LOW,8,83,0,3,4,2,5,20,4,2,36.2
STORY,LOW,3,47,489,4,6,2,0,70,5,1,20.2
STORY,MEDIUM,3,31,67,0,9,3,4,17,9,5,18.1
TASK,MEDIUM,1,35,0,0,1,1,5,89,7,1,5.9
BUG,HIGH,5,52,162,4,12,4,6,68,4,5,20.8
TASK,LOW,5,64,0,2,1,1,6,84,6,1,19.9
BUG,HIGH,2,48,0,0,5,2,6,3,10,5,7.5
STORY,LOW,5,38,344,1,10,4,3,87,7,4,29.9
TASK,MEDIUM,13,29,238,1,5,2,1,51,10,2,64.9
TASK,MEDIUM,2,50,0,2,5,2,5,82,9,5,11.5
BUG,MEDIUM,3,63,128,2,10,4,5,26,4,4,13.1
TASK,HIGH,2,29,195,5,6,2,5,56,10,3,13.0
BUG,HIGH,5,28,0,1,8,3,0,64,3,1,23.3
BUG,HIGH,3,93,0,2,3,1,5,8,8,3,11.5
BUG,HIGH,3,75,335,2,9,3,3,81,1,4,15.3
STORY,MEDIUM,5,39,0,1,1,1,2,37,9,3,36.0
STORY,HIGH,2,62,403,0,4,2,4,27,1,3,18.2
STORY,CRITICAL,8,43,363,5,9,3,6,45,2,4,82.7
BUG,LOW,3,31,245,3,8,3,5,4,8,2,13.4
STORY,LOW,2,76,0,1,10,4,0,86,9,5,9.1
BUG,LOW,5,15,120,2,9,3,3,90,7,1,16.8
TASK,LOW,5,88,297,1,1,1,5,88,3,5,20.2
STORY,HIGH,2,36,195,2,9,3,0,37,7,1,13.7
BUG,HIGH,8,19,0,2,3,1,2,71,6,5,31.0
TASK,MEDIUM,8,82,0,2,11,4,1,33,2,3,39.6
STORY,MEDIUM,2,57,345,5,12,4,5,31,3,2,14.6
STORY,HIGH,13,79,119,2,10,4,3,55,10,3,100.0
STORY,LOW,1,68,0,1,9,3,0,12,10,2,5.9
STORY,HIGH,2,68,117,3,1,1,0,11,5,4,17.0
TASK,HIGH,2,11,0,0,1,1,5,88,10,1,9.4
TASK,MEDIUM,8,38,101,1,9,3,0,72,4,1,33.5
BUG,MEDIUM,5,77,419,1,11,4,1,32,2,4,24.9
TASK,MEDIUM,2,74,412,1,6,2,0,57,4,5,10.7
TASK,CRITICAL,3,92,334,3,4,2,6,38,8,4,19.9
STORY,LOW,3,35,454,1,7,3,4,60,5,4,17.8
TASK,HIGH,1,98,383,3,5,2,6,86,5,2,6.0
BUG,HIGH,8,19,58,2,10,4,4,19,10,4,37.8
TASK,LOW,5,62,300,1,7,3,0,84,3,1,24.6
TASK,LOW,3,88,480,3,8,3,5,56,8,3,16.2
STORY,LOW,13,68,0,1,8,3,4,14,6,2,75.0
STORY,LOW,3,31,0,1,1,1,3,33,2,2,15.5
STORY,MEDIUM,13,60,484,2,8,3,4,10,2,5,83.8
BUG,MEDIUM,5,57,233,1,6,2,6,80,9,3,18.9
TASK,CRITICAL,3,30,228,0,4,2,0,64,7,2,20.0
TASK,MEDIUM,2,31,0,2,12,4,5,64,10,4,11.0
STORY,HIGH,8,39,177,2,8,3,2,62,9,2,65.2
BUG,HIGH,3,34,69,1,3,1,5,68,6,2,15.1
BUG,MEDIUM,2,37,460,4,4,2,5,43,5,2,8.5
STORY,MEDIUM,1,74,471,2,6,2,5,80,1,5,7.4
STORY,CRITICAL,3,54,377,3,11,4,3,59,6,2,27.7
STORY,HIGH,3,77,114,0,7,3,1,52,6,2,21.5
TASK,MEDIUM,5,16,231,2,4,2,6,19,3,5,27.9
STORY,CRITICAL,8,58,0,3,4,2,0,21,3,3,62.2
BUG,LOW,1,18,418,2,7,3,1,22,3,1,4.3
TASK,MEDIUM,5,45,73,2,6,2,2,9,3,5,27.9
STORY,MEDIUM,2,92,433,1,11,4,1,9,7,5,11.9
EPIC,MEDIUM,8,10,0,0,8,3,0,73,10,2,66.0
EPIC,LOW,5,19,132,1,1,1,6,27,2,2,30.4
STORY,HIGH,3,45,368,1,10,4,6,17,10,1,19.6
BUG,MEDIUM,5,82,0,3,11,4,0,44,10,2,23.8
STORY,MEDIUM,2,55,488,1,7,3,2,45,2,4,17.0
STORY,HIGH,3,41,365,4,12,4,0,8,3,2,19.6
STORY,LOW,5,41,148,4,7,3,2,80,10,2,27.9
BUG,MEDIUM,3,15,111,1,11,4,2,18,7,4,11.0
BUG,MEDIUM,2,57,0,1,7,3,0,33,3,1,8.0
STORY,LOW,3,47,71,3,7,3,4,1,7,4,18.9
STORY,LOW,5,26,0,4,10,4,6,76,9,5,31.9
TASK,MEDIUM,2,83,175,1,10,4,2,6,10,4,11.3
STORY,LOW,2,36,462,1,8,3,0,41,4,3,12.0
STORY,MEDIUM,5,63,474,2,9,3,4,55,7,5,37.2
BUG,MEDIUM,5,59,0,2,9,3,6,5,9,2,18.5
EPIC,MEDIUM,1,44,147,1,2,1,2,59,8,5,9.2
STORY,MEDIUM,2,94,498,2,7,3,6,80,8,1,16.5
BUG,HIGH,1,34,80,0,7,3,4,18,9,1,4.9
TASK,LOW,2,37,207,0,4,2,6,49,5,4,9.1
STORY,LOW,3,24,161,1,9,3,3,82,5,5,15.8
TASK,CRITICAL,5,13,451,1,8,3,5,65,3,2,31.2
STORY,LOW,5,82,296,1,12,4,3,83,5,1,34.0
BUG,HIGH,3,36,0,1,1,1,4,54,8,2,13.5
BUG,HIGH,2,35,0,1,2,1,2,61,5,3,8.6
BUG,MEDIUM,5,28,343,0,2,1,0,8,4,1,22.5
STORY,HIGH,3,26,447,1,12,4,1,3,8,4,27.5
TASK,LOW,13,52,256,5,12,4,0,25,7,3,54.8
STORY,LOW,3,50,159,1,11,4,6,69,6,5,19.7
STORY,MEDIUM,1,51,0,1,8,3,1,55,5,2,7.0
STORY,CRITICAL,5,59,327,2,1,1,1,40,5,1,52.0
BUG,HIGH,2,93,0,5,4,2,6,83,10,3,8.8
BUG,MEDIUM,5,49,0,1,10,4,6,82,2,3,17.7
STORY,LOW,1,48,452,2,12,4,2,50,4,1,6.1
BUG,MEDIUM,2,32,0,2,5,2,4,33,8,5,7.5
STORY,HIGH,8,61,477,2,9,3,0,18,8,5,57.2
BUG,MEDIUM,2,56,0,0,7,3,4,57,1,4,8.3
STORY,MEDIUM,5,72,163,2,8,3,3,16,2,5,31.7
BUG,MEDIUM,2,78,430,0,11,4,2,80,5,4,10.7
STORY,HIGH,3,52,0,2,9,3,2,38,9,3,16.8
TASK,MEDIUM,5,57,357,2,7,3,3,41,10,1,30.2
STORY,MEDIUM,3,43,390,1,5,2,0,7,7,5,23.0
STORY,LOW,2,49,247,3,5,2,5,78,10,4,13.1
STORY,HIGH,2,84,0,0,10,4,3,53,5,3,15.9
TASK,MEDIUM,1,70,370,3,11,4,0,63,1,5,6.3
TASK,LOW,2,59,228,1,6,2,1,89,6,2,11.5
STORY,HIGH,5,76,434,1,5,2,6,32,8,3,37.8
BUG,LOW,8,71,268,0,12,4,2,38,7,5,31.9
TASK,MEDIUM,8,67,326,4,11,4,0,22,2,3,36.4
BUG,CRITICAL,5,42,486,0,9,3,4,16,5,1,24.9
BUG,HIGH,5,84,65,0,3,1,6,52,4,1,21.1
STORY,MEDIUM,5,25,428,1,3,1,4,29,9,1,29.5
STORY,CRITICAL,2,91,110,2,7,3,6,16,10,2,14.7
TASK,MEDIUM,8,57,103,2,7,3,2,76,1,1,36.3
TASK,HIGH,5,19,217,0,6,2,3,17,6,2,25.4
BUG,MEDIUM,3,91,75,1,3,1,5,64,3,1,14.4
STORY,CRITICAL,1,47,0,1,7,3,3,89,9,3,6.3
STORY,LOW,3,28,114,1,5,2,0,13,5,5,18.5
TASK,LOW,3,45,149,1,7,3,3,72,6,5,12.3
TASK,LOW,8,68,123,2,2,1,2,56,9,1,44.0
TASK,MEDIUM,3,72,241,1,6,2,0,5,9,5,19.0
TASK,HIGH,2,86,220,1,8,3,1,12,8,1,13.3
BUG,MEDIUM,13,55,322,1,1,1,3,41,9,1,62.7
STORY,CRITICAL,1,12,0,5,4,2,3,3,4,4,6.3
STORY,CRITICAL,3,83,236,4,11,4,5,33,6,4,30.6
TASK,HIGH,1,74,72,3,1,1,0,86,5,4,6.8
BUG,MEDIUM,5,17,440,1,1,1,4,50,5,2,27.2
STORY,MEDIUM,8,60,477,0,10,4,3,56,4,4,60.8
STORY,MEDIUM,2,90,230,1,12,4,2,9,2,1,12.3
BUG,MEDIUM,8,82,376,1,11,4,3,82,6,3,42.6
STORY,HIGH,2,15,0,2,8,3,5,50,9,4,12.6
STORY,LOW,8,98,0,3,7,3,1,29,1,4,44.3
BUG,MEDIUM,5,48,0,3,12,4,5,39,7,3,16.8
BUG,MEDIUM,5,69,351,3,10,4,3,45,6,1,26.7
BUG,HIGH,1,37,255,1,1,1,4,17,3,2,4.3
STORY,MEDIUM,13,63,127,2,11,4,6,56,1,4,72.9
TASK,MEDIUM,5,46,65,1,2,1,3,46,4,3,26.2
STORY,HIGH,2,18,376,0,4,2,0,67,9,1,17.6
STORY,CRITICAL,5,91,145,2,1,1,3,69,2,5,43.2
TASK,MEDIUM,2,65,196,0,3,1,4,14,3,2,9.6
BUG,MEDIUM,8,68,51,1,8,3,0,67,2,3,26.1
TASK,HIGH,1,94,59,1,8,3,2,23,2,3,6.5
BUG,LOW,5,11,483,2,8,3,0,61,10,3,25.6
BUG,HIGH,3,70,0,3,6,2,5,23,8,4,15.5
STORY,MEDIUM,1,67,130,1,6,2,1,27,3,5,6.2
STORY,LOW,2,69,0,3,5,2,5,54,7,2,12.5
STORY,MEDIUM,1,49,375,1,9,3,6,10,8,1,6.7
STORY,MEDIUM,3,45,199,1,4,2,0,89,3,1,19.6
EPIC,HIGH,2,46,337,2,10,4,2,77,2,5,19.4
STORY,HIGH,3,88,0,2,12,4,3,16,8,3,20.3
TASK,LOW,2,27,389,5,12,4,0,41,3,3,11.5
BUG,MEDIUM,2,72,0,1,12,4,5,55,7,3,8.1
TASK,LOW,5,31,487,2,7,3,0,61,1,3,24.9
BUG,HIGH,1,20,0,2,1,1,0,86,6,3,4.2
BUG,HIGH,8,67,107,4,9,3,0,81,9,5,31.3
BUG,CRITICAL,8,66,247,0,7,3,2,87,3,4,47.2
STORY,MEDIUM,5,86,260,3,10,4,4,49,7,2,29.5
TASK,HIGH,3,13,0,2,12,4,4,73,6,3,14.8
STORY,LOW,8,95,0,1,9,3,0,52,8,4,45.9
STORY,MEDIUM,2,16,94,1,7,3,2,2,3,1,13.4
BUG,LOW,1,70,146,1,2,1,2,50,3,5,4.2
STORY,HIGH,2,63,328,2,6,2,6,86,4,4,15.6
TASK,LOW,5,97,0,3,10,4,0,43,3,3,26.0
EPIC,MEDIUM,1,77,459,2,12,4,5,77,9,3,10.4
TASK,MEDIUM,3,88,0,2,11,4,5,8,4,3,16.8
STORY,LOW,13,10,0,2,4,2,1,59,6,4,74.0
STORY,MEDIUM,8,64,93,0,3,1,0,65,8,3,45.9
TASK,MEDIUM,3,12,76,1,2,1,1,81,8,4,18.4
BUG,HIGH,1,87,0,1,6,2,5,12,5,3,4.2
EPIC,CRITICAL,5,47,0,1,8,3,5,4,5,1,43.0
EPIC,LOW,3,10,0,0,6,2,0,77,6,1,19.8
TASK,MEDIUM,1,47,158,2,9,3,1,41,10,2,4.4
STORY,MEDIUM,1,94,104,1,5,2,1,7,7,3,7.4
STORY,MEDIUM,8,38,0,1,2,1,0,87,10,3,49.7
TASK,HIGH,5,14,0,1,8,3,6,88,7,4,29.4
STORY,HIGH,5,83,234,0,9,3,1,69,4,4,40.1
STORY,MEDIUM,8,30,118,4,10,4,6,69,6,3,50.2
BUG,MEDIUM,3,80,366,3,4,2,3,81,7,2,11.2
TASK,HIGH,3,76,0,2,6,2,5,30,5,3,18.0
BUG,MEDIUM,3,56,0,0,11,4,4,73,5,4,13.0
BUG,CRITICAL,2,93,427,3,10,4,6,6,2,3,11.8
STORY,MEDIUM,3,92,146,3,8,3,6,89,7,4,21.0
BUG,HIGH,5,44,0,3,9,3,6,19,6,3,20.5
EPIC,MEDIUM,3,77,136,0,12,4,2,80,1,5,21.1
STORY,HIGH,8,78,0,2,5,2,1,85,4,4,47.7
BUG,MEDIUM,3,10,168,3,12,4,1,66,3,2,12.2
TASK,CRITICAL,3,77,257,2,6,2,2,10,3,5,24.5
TASK,CRITICAL,3,21,0,2,11,4,1,16,7,3,22.1
BUG,HIGH,3,69,462,1,4,2,2,37,10,4,15.6
TASK,MEDIUM,5,36,203,2,5,2,6,79,4,5,28.0
STORY,MEDIUM,2,65,84,0,7,3,0,77,8,2,13.5
STORY,HIGH,3,32,128,2,9,3,3,77,9,4,19.5
TASK,MEDIUM,1,34,0,0,10,4,6,32,3,5,4.3
TASK,LOW,2,30,392,1,11,4,3,47,5,5,12.4
TASK,MEDIUM,3,70,0,1,6,2,5,72,4,5,15.7
TASK,CRITICAL,5,72,83,2,6,2,6,43,10,1,40.0
BUG,MEDIUM,13,61,146,0,8,3,4,82,6,3,51.5
BUG,HIGH,3,97,218,2,11,4,1,36,10,4,16.2
TASK,HIGH,5,34,0,3,4,2,4,26,4,4,25.6
BUG,LOW,3,64,200,0,3,1,0,10,8,4,10.5
TASK,HIGH,3,55,120,0,7,3,3,31,3,5,18.2
TASK,MEDIUM,1,41,52,0,5,2,6,29,5,3,4.7
TASK,MEDIUM,2,64,0,3,2,1,0,5,1,2,8.7
STORY,MEDIUM,2,14,0,2,2,1,0,77,6,4,10.9
STORY,MEDIUM,3,45,336,1,11,4,1,1,5,3,16.6
STORY,CRITICAL,1,58,131,0,6,2,0,87,8,3,8.9
BUG,HIGH,1,67,0,2,8,3,6,3,9,1,4.6
STORY,MEDIUM,2,48,440,3,1,1,6,67,8,4,11.8
BUG,CRITICAL,13,89,154,3,11,4,3,71,8,5,62.3
BUG,HIGH,2,94,50,2,6,2,6,35,3,3,7.9
STORY,CRITICAL,3,70,0,0,12,4,4,15,4,3,24.5
BUG,CRITICAL,2,18,0,0,2,1,3,67,4,2,8.7
STORY,HIGH,3,15,229,0,2,1,1,30,5,1,24.9
STORY,HIGH,2,44,0,1,7,3,3,82,9,3,11.2
TASK,MEDIUM,2,48,55,0,10,4,2,75,9,3,9.2
STORY,MEDIUM,3,31,152,1,1,1,4,43,10,5,22.1
STORY,LOW,1,50,59,1,6,2,2,60,1,5,6.0
BUG,HIGH,1,14,120,4,7,3,2,40,8,2,4.0
TASK,HIGH,2,51,139,2,8,3,5,65,1,2,13.7
STORY,HIGH,1,96,0,3,7,3,6,29,2,2,6.9
BUG,MEDIUM,1,90,207,2,6,2,1,74,7,5,4.9
STORY,MEDIUM,2,85,277,0,9,3,0,19,8,5,13.9
STORY,CRITICAL,5,96,454,2,3,1,2,3,1,1,49.4
BUG,LOW,3,89,0,1,11,4,3,36,3,4,12.9
BUG,CRITICAL,3,76,0,2,6,2,0,43,7,4,13.9
BUG,MEDIUM,2,39,0,1,4,2,3,15,9,1,8.4
TASK,MEDIUM,8,66,146,5,2,1,3,41,8,4,41.7
EPIC,LOW,2,95,123,1,1,1,0,90,8,5,11.6
BUG,MEDIUM,1,82,164,1,12,4,0,80,9,4,3.4
STORY,LOW,3,38,0,4,12,4,6,36,10,5,13.7
TASK,HIGH,1,46,0,0,1,1,3,84,3,1,6.1
STORY,LOW,2,96,356,2,11,4,1,77,8,2,12.7
BUG,CRITICAL,3,22,497,2,10,4,6,33,1,1,19.1
STORY,LOW,8,41,0,3,3,1,4,5,8,4,35.1
STORY,MEDIUM,3,55,105,5,4,2,5,78,7,5,18.5
EPIC,LOW,5,32,0,5,2,1,4,87,8,4,39.5
TASK,MEDIUM,13,54,90,0,12,4,1,14,1,4,64.6
BUG,MEDIUM,1,26,81,3,11,4,6,68,6,2,4.3
BUG,MEDIUM,2,94,0,2,11,4,5,83,7,4,8.9
STORY,MEDIUM,2,75,0,2,11,4,6,47,5,2,13.4
STORY,CRITICAL,3,15,204,0,1,1,0,54,5,5,25.5
STORY,CRITICAL,3,27,0,2,4,2,5,4,7,5,26.8
BUG,HIGH,8,31,258,5,7,3,3,83,3,2,38.8
TASK,HIGH,5,42,369,4,10,4,4,9,6,1,38.1
BUG,LOW,3,39,236,1,11,4,5,53,7,5,10.6
STORY,HIGH,2,90,491,0,6,2,3,77,1,1,15.1
EPIC,LOW,5,41,179,1,6,2,6,78,2,5,29.7
TASK,HIGH,13,51,0,3,11,4,1,60,4,5,83.6
BUG,HIGH,5,87,341,2,9,3,5,46,8,3,25.3
BUG,MEDIUM,1,19,163,1,2,1,3,54,10,4,3.8
BUG,MEDIUM,3,45,248,0,4,2,6,74,6,4,11.8
STORY,MEDIUM,1,43,0,1,5,2,6,37,1,1,7.0
STORY,MEDIUM,2,82,0,1,1,1,6,23,10,4,13.6
TASK,MEDIUM,1,37,138,4,8,3,1,27,5,1,5.4
STORY,HIGH,3,20,0,2,8,3,0,70,7,5,21.7
STORY,LOW,5,87,493,1,6,2,1,90,6,3,32.0
STORY,LOW,1,48,327,2,12,4,1,66,9,3,5.8
STORY,MEDIUM,2,56,496,0,5,2,4,61,8,5,16.8
TASK,HIGH,3,28,252,5,8,3,6,77,4,2,16.1
TASK,MEDIUM,2,24,123,1,3,1,3,51,5,2,10.1
BUG,CRITICAL,1,37,74,1,3,1,5,50,7,4,5.0
STORY,CRITICAL,3,33,0,1,2,1,4,19,8,1,23.4
BUG,HIGH,5,81,225,2,5,2,6,1,5,3,24.6
BUG,MEDIUM,1,18,476,2,3,1,2,40,9,4,4.8
STORY,LOW,1,56,166,2,3,1,1,32,10,5,4.9
BUG,MEDIUM,2,42,215,1,6,2,2,22,4,3,8.7
STORY,MEDIUM,8,71,90,1,8,3,6,66,4,1,44.6
BUG,MEDIUM,5,28,478,0,2,1,4,40,8,1,20.8
BUG,HIGH,5,76,393,2,4,2,3,38,1,2,22.0
STORY,HIGH,2,83,0,0,11,4,4,48,8,4,15.2
STORY,LOW,3,49,415,2,7,3,3,55,5,5,18.3
BUG,CRITICAL,1,56,169,3,1,1,3,75,1,3,5.8
BUG,LOW,3,74,146,3,1,1,6,81,4,1,12.5
TASK,MEDIUM,8,38,194,1,12,4,0,55,2,3,46.2
BUG,MEDIUM,3,59,265,1,10,4,6,51,4,5,13.1
STORY,MEDIUM,8,22,0,0,7,3,1,60,8,3,45.8
STORY,MEDIUM,5,10,362,2,7,3,4,8,5,4,32.6
BUG,LOW,1,43,0,3,1,1,3,86,1,2,3.8
STORY,LOW,8,57,401,1,1,1,6,68,7,3,50.0
BUG,MEDIUM,1,86,426,1,4,2,6,75,1,2,5.3
TASK,HIGH,3,57,0,3,5,2,4,72,9,5,19.8
BUG,MEDIUM,1,58,0,3,5,2,4,9,3,2,3.5
STORY,LOW,1,73,373,1,4,2,3,90,3,3,5.3
BUG,HIGH,3,70,0,2,8,3,5,2,6,3,14.5
BUG,MEDIUM,2,38,322,0,7,3,2,80,10,1,8.3
BUG,MEDIUM,3,48,0,0,9,3,1,70,6,3,9.7
TASK,MEDIUM,3,97,0,4,7,3,1,85,6,2,17.3
STORY,HIGH,1,35,417,3,10,4,5,90,1,1,7.2
EPIC,MEDIUM,1,26,143,3,1,1,0,59,5,3,9.3
TASK,LOW,3,80,217,0,7,3,5,19,6,3,15.9
STORY,HIGH,2,22,491,3,1,1,0,28,8,5,18.2
STORY,HIGH,5,78,252,1,7,3,0,72,1,1,33.4
STORY,LOW,5,35,390,1,10,4,5,14,5,5,27.9
STORY,HIGH,5,58,198,2,8,3,1,24,3,5,37.5
STORY,LOW,5,76,451,0,11,4,2,44,2,5,27.7
BUG,MEDIUM,3,16,232,3,9,3,1,56,8,4,12.1
STORY,HIGH,5,67,462,2,12,4,6,90,7,5,38.0
STORY,LOW,2,58,0,0,3,1,1,51,10,2,9.3
TASK,MEDIUM,2,62,123,0,4,2,1,32,7,3,9.3
STORY,MEDIUM,5,74,0,0,4,2,5,50,5,4,33.5
TASK,HIGH,3,71,450,0,12,4,5,41,9,5,17.6
STORY,MEDIUM,5,26,0,2,9,3,6,66,5,3,24.3
STORY,HIGH,5,52,91,3,7,3,6,25,2,1,37.6
BUG,HIGH,8,34,261,0,3,1,5,61,3,1,48.4
BUG,LOW,8,12,0,0,10,4,1,66,4,3,26.9
TASK,HIGH,3,88,0,2,5,2,2,42,5,2,14.6
TASK,MEDIUM,2,38,0,3,7,3,0,65,3,3,10.3
TASK,HIGH,3,41,66,1,8,3,4,36,7,3,20.6
STORY,MEDIUM,2,35,122,1,1,1,0,76,5,4,14.0
STORY,HIGH,3,25,0,2,12,4,6,9,5,1,21.7
TASK,LOW,5,34,482,1,2,1,6,36,6,1,24.9
TASK,MEDIUM,5,63,206,0,7,3,0,38,7,5,27.5
EPIC,HIGH,2,37,272,2,11,4,4,33,10,3,16.0
BUG,CRITICAL,2,82,181,2,2,1,1,42,10,3,12.0
STORY,HIGH,3,65,387,2,7,3,2,61,8,2,26.1
TASK,MEDIUM,1,74,453,2,9,3,2,46,9,1,7.0
STORY,HIGH,8,95,0,2,11,4,0,86,4,2,49.9
TASK,LOW,2,89,0,1,2,1,4,89,5,4,7.3
TASK,MEDIUM,2,50,0,1,7,3,6,61,5,5,10.2
BUG,HIGH,1,60,0,0,4,2,3,18,8,2,5.0
TASK,MEDIUM,3,80,157,0,11,4,1,70,9,1,17.8
TASK,MEDIUM,3,87,314,2,2,1,0,82,7,4,14.8
STORY,HIGH,2,38,254,3,7,3,2,80,5,3,13.8
TASK,HIGH,1,92,0,4,5,2,6,15,3,4,5.8
BUG,CRITICAL,3,28,0,2,1,1,5,48,1,2,14.5
TASK,MEDIUM,2,75,320,0,5,2,5,72,9,1,12.9
STORY,MEDIUM,5,50,296,0,12,4,4,13,5,2,33.2
TASK,MEDIUM,3,54,0,3,12,4,4,43,9,3,16.8
STORY,LOW,2,24,395,2,3,1,0,60,10,3,12.9
STORY,LOW,2,12,485,2,7,3,3,57,4,1,14.3
TASK,MEDIUM,13,20,75,3,6,2,2,71,5,5,62.5
STORY,LOW,3,62,266,2,8,3,0,17,4,4,20.3
STORY,HIGH,5,55,0,3,5,2,3,50,2,4,31.4
EPIC,HIGH,1,39,0,0,2,1,6,32,1,3,8.8
EPIC,HIGH,3,66,223,2,9,3,4,22,8,2,25.0
BUG,CRITICAL,1,27,141,3,11,4,5,55,4,2,5.4
BUG,MEDIUM,3,60,482,1,8,3,1,57,5,5,13.3
BUG,LOW,13,57,387,2,6,2,6,13,6,2,49.0
STORY,CRITICAL,2,75,0,1,10,4,5,47,8,4,18.5
STORY,HIGH,1,17,180,4,7,3,2,87,8,2,6.4
BUG,MEDIUM,1,31,0,0,9,3,2,62,7,5,4.5
TASK,LOW,2,15,347,2,7,3,5,54,4,4,12.2
TASK,HIGH,2,85,324,0,3,1,6,29,6,2,10.5
TASK,MEDIUM,1,66,322,2,6,2,5,22,4,4,6.1
STORY,CRITICAL,5,45,466,0,11,4,3,65,7,3,41.7
BUG,HIGH,3,88,125,1,11,4,0,29,1,3,11.8
STORY,LOW,2,66,226,1,7,3,4,48,5,3,11.3
BUG,LOW,8,58,233,4,2,1,3,5,10,2,37.0
BUG,CRITICAL,1,54,0,1,3,1,1,35,10,5,4.2
TASK,LOW,13,91,0,0,4,2,5,74,4,4,60.6
STORY,MEDIUM,2,75,0,3,10,4,1,83,7,1,12.0
STORY,LOW,8,86,0,2,6,2,1,71,9,3,49.7
STORY,MEDIUM,3,54,104,4,1,1,3,46,5,3,15.6
TASK,MEDIUM,5,88,203,0,9,3,4,35,4,1,29.0
BUG,MEDIUM,13,29,404,2,5,2,6,45,9,1,64.8
STORY,MEDIUM,2,73,0,1,12,4,2,13,5,2,12.8
STORY,HIGH,13,76,357,0,7,3,0,10,9,4,100.0
TASK,CRITICAL,2,92,405,2,9,3,2,66,8,3,17.1
STORY,HIGH,2,12,422,2,9,3,4,70,4,5,13.2
TASK,MEDIUM,2,63,167,3,1,1,2,72,7,2,10.5
TASK,HIGH,3,87,312,1,1,1,5,25,5,2,18.6
STORY,MEDIUM,2,73,0,1,3,1,5,44,10,5,11.1
STORY,LOW,3,49,0,1,6,2,3,60,4,5,15.9
EPIC,CRITICAL,3,68,405,5,2,1,1,47,5,5,32.4
STORY,MEDIUM,5,64,449,1,10,4,4,40,5,1,34.4
STORY,MEDIUM,5,71,457,1,12,4,4,7,9,3,42.3
TASK,LOW,3,13,0,1,11,4,2,46,9,1,11.3
TASK,HIGH,2,69,359,2,1,1,3,23,6,3,15.4
EPIC,MEDIUM,2,84,367,1,1,1,2,83,4,1,17.1
TASK,LOW,2,39,178,4,5,2,2,46,2,4,10.1
STORY,LOW,1,11,0,1,4,2,4,86,3,3,6.1
STORY,MEDIUM,2,71,0,3,1,1,2,13,2,2,11.3
TASK,MEDIUM,2,58,315,0,4,2,1,21,5,3,10.9
BUG,MEDIUM,13,18,167,2,3,1,2,1,6,3,53.5
BUG,LOW,3,40,0,4,2,1,1,19,5,3,10.3
TASK,MEDIUM,2,70,0,0,9,3,4,60,2,4,11.7
STORY,CRITICAL,3,88,249,4,11,4,3,33,5,1,29.1
BUG,LOW,1,57,206,1,1,1,5,4,9,2,3.3
STORY,MEDIUM,3,34,397,4,7,3,1,3,4,1,17.6
BUG,MEDIUM,3,45,183,2,4,2,3,52,10,1,12.5
STORY,HIGH,3,17,449,1,5,2,3,28,2,5,20.5
STORY,MEDIUM,3,82,0,0,10,4,1,70,3,4,18.9
STORY,HIGH,13,67,385,1,5,2,4,70,3,5,88.8
BUG,MEDIUM,8,54,120,0,1,1,0,55,9,4,33.8
TASK,HIGH,3,71,282,0,6,2,3,57,4,1,15.4
BUG,MEDIUM,3,48,383,0,9,3,3,87,1,1,12.8
EPIC,LOW,3,67,0,1,2,1,4,16,1,4,21.7
STORY,CRITICAL,2,90,0,3,7,3,4,24,7,1,15.5
STORY,LOW,2,92,139,0,6,2,2,69,7,1,13.6
TASK,MEDIUM,1,73,0,0,5,2,4,41,2,2,5.7
STORY,LOW,3,53,0,2,4,2,3,77,9,5,15.3
EPIC,MEDIUM,3,38,210,0,4,2,1,47,9,5,20.0
STORY,MEDIUM,2,68,75,0,6,2,0,76,5,5,14.1
EPIC,MEDIUM,13,80,170,0,4,2,6,69,3,3,100.0
STORY,LOW,8,18,350,4,5,2,2,31,3,2,55.6
TASK,MEDIUM,5,15,261,3,6,2,6,30,3,5,23.5
BUG,HIGH,3,38,112,1,5,2,1,18,6,5,17.3
EPIC,MEDIUM,8,67,485,2,7,3,0,44,4,2,64.7
STORY,LOW,1,26,117,2,9,3,0,27,8,1,6.2
BUG,MEDIUM,5,25,302,2,10,4,0,26,5,5,26.1
EPIC,MEDIUM,1,96,459,2,7,3,5,60,1,1,7.9
BUG,MEDIUM,5,12,51,2,7,3,1,18,9,5,23.7
BUG,LOW,2,30,447,1,4,2,2,89,1,4,7.8
BUG,HIGH,8,73,157,0,1,1,2,56,6,3,46.6
BUG,MEDIUM,8,99,0,1,8,3,0,31,1,5,29.2
BUG,CRITICAL,1,45,98,3,4,2,1,59,3,4,6.4
BUG,HIGH,3,95,0,2,1,1,5,2,10,2,11.3
TASK,HIGH,13,71,267,3,5,2,0,39,5,4,89.7
STORY,HIGH,3,51,93,5,8,3,4,61,10,2,21.7
STORY,MEDIUM,8,85,466,0,4,2,6,63,7,5,56.4
EPIC,HIGH,3,51,318,2,12,4,2,18,10,2,25.9
TASK,MEDIUM,2,70,127,2,8,3,6,17,8,4,11.4
BUG,HIGH,2,22,265,5,8,3,3,39,9,3,8.9
BUG,HIGH,2,20,431,5,3,1,0,71,6,1,11.0
STORY,HIGH,5,63,147,2,9,3,4,54,9,1,32.9
STORY,CRITICAL,2,25,0,1,3,1,2,76,8,3,18.4
BUG,MEDIUM,3,17,0,3,1,1,6,35,9,1,9.7
STORY,MEDIUM,3,68,0,0,2,1,5,11,10,5,15.8
BUG,MEDIUM,3,66,461,3,6,2,1,61,4,5,12.7
STORY,MEDIUM,8,49,353,4,12,4,2,44,9,4,52.9
EPIC,HIGH,13,68,473,1,10,4,6,68,7,4,100.0
EPIC,LOW,3,11,0,2,2,1,1,25,5,2,20.2
BUG,MEDIUM,5,85,0,1,6,2,6,48,5,4,23.0
BUG,MEDIUM,5,19,136,1,1,1,1,32,1,5,22.9
STORY,CRITICAL,3,53,0,1,11,4,5,84,2,4,24.1
TASK,HIGH,13,20,254,3,1,1,5,4,10,1,68.8
BUG,HIGH,2,88,328,4,5,2,0,38,3,2,11.2
STORY,HIGH,1,89,386,4,10,4,0,63,8,2,6.9
TASK,MEDIUM,8,90,0,0,11,4,2,47,6,5,44.6
TASK,MEDIUM,3,99,0,3,9,3,5,1,10,4,13.5
TASK,MEDIUM,5,11,0,2,8,3,4,3,5,1,24.2
TASK,MEDIUM,8,59,179,1,3,1,6,86,1,4,40.3
BUG,LOW,1,21,133,0,3,1,6,62,9,3,4.3
BUG,MEDIUM,8,99,0,1,1,1,6,64,3,4,27.2
TASK,LOW,3,32,236,4,3,1,2,17,3,5,15.2
TASK,CRITICAL,3,27,95,2,12,4,6,78,2,4,17.3
STORY,HIGH,3,71,0,2,12,4,3,62,4,2,22.4
STORY,CRITICAL,8,71,232,1,12,4,1,35,2,1,79.2
STORY,MEDIUM,1,47,317,2,11,4,6,13,9,5,6.6
TASK,LOW,3,76,0,0,1,1,1,35,10,3,13.4
EPIC,HIGH,5,47,371,1,8,3,0,43,7,1,58.0
STORY,LOW,5,76,149,2,1,1,6,2,8,1,28.8
BUG,CRITICAL,5,70,127,0,5,2,4,56,3,2,27.2
STORY,LOW,1,10,321,3,9,3,5,77,6,2,6.3
EPIC,HIGH,2,54,388,1,7,3,5,51,10,2,21.4
TASK,HIGH,2,37,211,2,4,2,0,54,6,5,10.5
TASK,MEDIUM,5,30,93,1,11,4,3,16,1,4,29.3
BUG,HIGH,2,22,287,2,9,3,2,18,6,1,10.0
BUG,HIGH,2,36,183,0,9,3,2,7,3,4,8.2
STORY,HIGH,13,16,0,0,2,1,4,45,3,4,100.0
STORY,LOW,1,31,405,4,10,4,0,36,3,2,6.0
TASK,MEDIUM,13,83,327,1,10,4,0,41,10,4,61.8
TASK,HIGH,5,62,67,3,11,4,3,42,10,1,31.1
EPIC,MEDIUM,5,88,61,5,12,4,6,7,8,1,44.3
EPIC,MEDIUM,2,88,0,1,6,2,2,15,5,3,17.3
BUG,HIGH,1,13,172,1,4,2,6,60,4,5,5.8
TASK,MEDIUM,5,32,0,2,8,3,0,40,9,4,28.7
TASK,HIGH,5,79,271,4,12,4,6,83,9,5,25.5
TASK,HIGH,5,97,422,4,11,4,5,37,1,5,32.0
STORY,MEDIUM,1,93,100,2,7,3,4,66,2,5,7.0
BUG,HIGH,5,93,120,3,7,3,2,55,8,5,22.8
STORY,MEDIUM,5,85,97,0,11,4,3,77,5,1,32.4
EPIC,MEDIUM,5,42,68,5,10,4,4,80,7,4,40.2
BUG,HIGH,5,37,311,4,9,3,1,56,1,3,24.5
STORY,MEDIUM,5,17,133,0,5,2,5,44,10,5,36.7
BUG,HIGH,3,10,204,1,6,2,3,57,5,3,14.9
BUG,LOW,1,46,0,0,1,1,4,6,3,1,3.5
STORY,MEDIUM,3,72,0,1,6,2,0,32,10,1,21.6
STORY,LOW,1,31,406,3,2,1,1,74,2,2,6.3
BUG,MEDIUM,3,79,353,1,6,2,3,18,2,5,11.9
BUG,CRITICAL,3,30,184,0,9,3,0,68,9,2,16.8
TASK,MEDIUM,1,44,0,1,8,3,5,73,4,3,5.6
BUG,LOW,2,88,118,5,9,3,1,7,4,4,8.4
TASK,MEDIUM,1,14,60,2,10,4,2,8,7,2,5.7
BUG,LOW,5,69,0,1,8,3,0,64,10,1,19.5
BUG,LOW,8,55,241,0,3,1,4,7,10,5,28.5
TASK,HIGH,1,59,436,5,8,3,6,41,2,3,7.7
BUG,HIGH,13,57,427,3,6,2,3,40,3,1,81.0
STORY,MEDIUM,3,15,118,1,6,2,1,3,3,4,16.5
STORY,MEDIUM,2,98,72,0,6,2,0,17,6,5,10.5
TASK,LOW,1,65,0,0,3,1,2,66,3,4,5.4
BUG,LOW,3,68,342,0,10,4,6,79,5,4,14.1
TASK,HIGH,5,38,58,2,1,1,3,52,4,5,34.0
STORY,HIGH,5,80,320,4,12,4,3,22,3,5,44.9
STORY,MEDIUM,1,86,436,1,4,2,0,4,8,4,7.2
STORY,HIGH,1,27,142,3,10,4,2,6,10,3,7.7
STORY,LOW,3,11,66,1,12,4,5,38,3,5,16.9
BUG,MEDIUM,2,17,0,2,6,2,6,26,6,1,6.6
STORY,MEDIUM,2,84,454,2,11,4,5,11,7,2,15.6
BUG,CRITICAL,2,63,377,0,12,4,1,90,7,3,12.0
TASK,MEDIUM,5,47,198,1,10,4,0,17,2,5,28.6
STORY,MEDIUM,8,57,426,2,2,1,6,88,3,5,56.2
BUG,MEDIUM,3,36,0,0,7,3,1,31,10,3,12.0
TASK,HIGH,8,29,471,1,7,3,5,77,10,2,47.5
STORY,MEDIUM,2,21,377,2,11,4,6,35,4,4,12.6
BUG,LOW,3,52,155,5,4,2,3,16,7,1,9.9
TASK,HIGH,2,70,430,1,4,2,1,79,2,5,11.8
TASK,CRITICAL,3,40,84,3,1,1,2,18,3,2,24.0
STORY,CRITICAL,13,70,0,1,2,1,4,62,7,1,87.3
TASK,MEDIUM,3,83,63,3,9,3,5,27,7,3,14.0
BUG,MEDIUM,2,76,0,2,10,4,5,35,10,5,8.3
STORY,MEDIUM,3,44,315,3,8,3,2,45,3,4,21.2
BUG,HIGH,1,24,0,1,8,3,6,35,1,3,4.0
EPIC,HIGH,8,25,0,2,9,3,6,28,3,5,77.1
BUG,MEDIUM,3,22,413,2,7,3,6,9,5,2,15.6
STORY,MEDIUM,3,44,168,1,9,3,1,76,7,1,17.2
BUG,LOW,3,84,287,0,10,4,0,15,4,1,11.0
STORY,HIGH,3,68,83,0,12,4,3,21,1,5,25.1
STORY,MEDIUM,1,30,218,0,2,1,4,52,6,3,7.4
STORY,MEDIUM,5,63,59,3,6,2,0,35,2,4,33.1
STORY,MEDIUM,2,84,171,1,3,1,0,51,3,2,10.7
STORY,MEDIUM,5,39,0,1,11,4,2,83,4,5,29.0
STORY,MEDIUM,5,57,194,2,6,2,1,55,6,2,33.1
BUG,LOW,5,44,495,1,3,1,5,87,6,1,18.9
STORY,HIGH,3,95,272,2,8,3,5,77,7,4,22.5
STORY,HIGH,3,47,0,0,11,4,2,44,5,2,21.5
TASK,MEDIUM,1,40,0,4,4,2,1,65,7,5,4.7
BUG,MEDIUM,5,87,0,3,12,4,2,88,2,4,22.2
BUG,HIGH,2,33,408,3,10,4,5,80,1,3,12.2
STORY,CRITICAL,3,58,53,1,6,2,0,25,10,5,22.2
STORY,CRITICAL,2,41,0,3,9,3,3,87,8,2,17.7
STORY,LOW,1,64,446,0,2,1,6,47,1,4,5.4
STORY,HIGH,3,88,403,0,2,1,1,80,2,5,27.3
STORY,HIGH,1,67,155,0,7,3,4,56,10,4,6.3
STORY,HIGH,5,12,134,2,2,1,4,38,6,4,30.3
STORY,HIGH,2,89,0,1,2,1,0,11,1,4,14.6
STORY,CRITICAL,1,78,170,2,4,2,2,67,10,2,8.2
BUG,MEDIUM,3,94,181,0,9,3,2,15,3,5,15.0
STORY,CRITICAL,1,19,387,1,8,3,5,1,7,1,8.5
STORY,LOW,2,92,246,2,2,1,0,7,8,1,10.9
BUG,HIGH,5,34,0,1,8,3,5,1,4,2,23.0
BUG,MEDIUM,1,77,179,2,4,2,5,49,3,2,4.2
STORY,LOW,5,70,0,1,2,1,4,73,1,4,25.3
TASK,MEDIUM,1,38,130,3,11,4,5,29,9,5,5.7
BUG,MEDIUM,2,28,379,2,10,4,6,26,10,5,10.2
STORY,HIGH,5,52,0,1,7,3,5,87,6,3,39.4
TASK,HIGH,2,75,311,1,6,2,4,45,6,3,15.4
TASK,MEDIUM,1,83,0,2,10,4,6,71,9,1,4.5
STORY,LOW,2,70,174,3,5,2,2,12,1,3,12.6
STORY,MEDIUM,2,52,356,1,11,4,1,32,6,3,13.1
TASK,MEDIUM,5,34,316,1,1,1,3,20,5,1,30.2
TASK,MEDIUM,2,29,496,3,2,1,5,51,6,1,11.9
STORY,MEDIUM,5,57,490,2,8,3,6,81,8,3,43.0
STORY,CRITICAL,8,92,432,1,1,1,1,36,5,5,79.9
STORY,MEDIUM,3,96,189,1,3,1,4,67,2,3,22.9
BUG,LOW,8,33,378,1,2,1,1,1,2,4,37.6
BUG,HIGH,2,20,0,2,5,2,3,27,10,4,10.7
STORY,MEDIUM,13,64,57,1,4,2,1,40,5,4,89.8
BUG,HIGH,1,37,0,5,7,3,6,84,3,2,4.5
TASK,MEDIUM,5,78,188,1,5,2,1,14,10,4,24.2
STORY,CRITICAL,3,72,0,1,8,3,1,69,3,5,22.2
STORY,MEDIUM,2,68,0,2,4,2,1,87,8,2,9.7
TASK,MEDIUM,3,14,277,4,12,4,0,79,7,2,16.8
TASK,HIGH,5,60,59,3,6,2,5,6,1,4,29.5
BUG,MEDIUM,1,30,261,1,4,2,4,33,5,3,4.5
BUG,MEDIUM,2,21,0,2,2,1,3,55,9,1,9.5
STORY,LOW,5,59,57,2,1,1,4,19,4,3,32.2
BUG,HIGH,5,13,341,1,1,1,0,77,1,3,22.6
BUG,HIGH,13,51,411,0,8,3,0,29,8,2,66.0
STORY,HIGH,5,93,0,1,4,2,6,61,5,2,33.5
STORY,LOW,13,47,63,1,5,2,0,70,2,2,68.0
STORY,LOW,5,34,0,4,11,4,5,79,1,5,30.2
STORY,MEDIUM,2,23,487,1,8,3,0,80,3,5,14.5
STORY,LOW,1,84,291,4,12,4,1,24,9,1,6.2
STORY,MEDIUM,5,41,391,2,7,3,4,23,1,2,39.6
STORY,MEDIUM,3,20,198,2,8,3,2,10,4,4,21.8
STORY,CRITICAL,1,70,285,2,8,3,3,54,8,2,7.4
TASK,MEDIUM,2,27,355,0,6,2,0,41,8,5,12.4
BUG,HIGH,13,36,216,1,10,4,4,49,10,2,63.3
BUG,LOW,3,64,69,0,2,1,6,17,8,5,10.2
TASK,MEDIUM,3,63,265,2,6,2,0,56,10,2,13.6
BUG,MEDIUM,3,91,392,1,1,1,5,45,8,4,13.8
STORY,CRITICAL,2,96,184,3,1,1,0,30,4,1,15.8
BUG,HIGH,2,84,442,1,11,4,0,44,8,4,9.8
BUG,HIGH,2,30,178,0,3,1,0,74,9,5,10.6
TASK,HIGH,1,53,459,1,3,1,6,55,7,3,7.5
BUG,CRITICAL,5,14,0,4,11,4,0,19,2,4,23.3
STORY,LOW,3,96,343,2,5,2,3,29,9,2,15.1
STORY,MEDIUM,5,50,295,1,1,1,4,2,8,1,38.2
STORY,HIGH,8,68,0,2,10,4,5,36,5,2,44.4
BUG,HIGH,2,98,0,0,6,2,0,19,3,2,10.8
BUG,MEDIUM,5,63,135,5,7,3,0,7,7,4,22.2
STORY,MEDIUM,3,83,93,2,10,4,0,26,2,1,17.3
EPIC,MEDIUM,8,31,379,1,12,4,0,79,3,3,62.1
BUG,LOW,2,92,0,2,11,4,1,38,9,2,5.8
STORY,MEDIUM,5,74,495,0,3,1,1,3,4,1,32.1
STORY,LOW,3,73,0,4,4,2,2,80,4,3,13.9
STORY,LOW,2,80,439,0,10,4,0,66,3,2,13.3
STORY,HIGH,1,13,0,2,11,4,2,71,5,1,6.0
STORY,LOW,5,74,0,1,10,4,3,43,3,4,27.3
STORY,HIGH,5,24,0,2,12,4,2,62,9,2,35.7
STORY,LOW,2,85,343,3,10,4,4,71,3,2,11.3
STORY,HIGH,3,31,0,2,10,4,1,24,2,1,16.9
TASK,LOW,2,95,100,2,10,4,1,39,5,2,7.6
STORY,LOW,5,56,315,3,3,1,0,68,6,3,24.6
BUG,LOW,2,90,169,0,1,1,0,44,1,2,8.4
BUG,MEDIUM,8,55,249,1,8,3,3,5,6,5,32.6
EPIC,HIGH,2,23,454,1,10,4,5,55,10,3,22.8
STORY,CRITICAL,2,59,0,5,10,4,3,30,3,1,15.2
STORY,MEDIUM,1,29,119,1,2,1,4,29,4,3,6.2
EPIC,HIGH,1,59,0,2,1,1,0,26,6,5,8.7
TASK,MEDIUM,3,42,0,2,8,3,0,83,8,5,16.3
TASK,HIGH,2,68,431,1,7,3,3,26,9,2,12.3
STORY,LOW,5,52,88,1,7,3,3,37,6,2,23.7
STORY,MEDIUM,1,88,338,1,4,2,3,53,7,4,7.0
BUG,LOW,2,21,492,1,11,4,1,30,5,3,8.0
TASK,HIGH,2,49,67,1,9,3,2,3,9,4,11.5
BUG,LOW,1,29,0,0,6,2,2,43,4,5,3.8
BUG,LOW,1,47,0,3,2,1,0,7,10,2,3.6
STORY,MEDIUM,3,12,0,4,1,1,1,49,6,2,18.9
TASK,MEDIUM,3,37,0,1,1,1,3,73,5,2,15.3
STORY,MEDIUM,3,65,401,1,9,3,0,41,1,1,22.9
STORY,HIGH,3,99,353,0,4,2,1,77,5,5,25.6
BUG,MEDIUM,3,22,0,2,5,2,4,79,5,2,12.2
BUG,HIGH,1,86,332,3,3,1,5,54,9,5,5.6
STORY,HIGH,3,75,123,0,4,2,1,69,1,2,25.0
STORY,HIGH,13,46,0,0,12,4,6,27,5,3,87.3
BUG,CRITICAL,3,58,0,3,8,3,0,8,7,5,15.1
STORY,CRITICAL,5,75,0,2,4,2,2,32,6,4,43.1
BUG,HIGH,2,45,0,0,9,3,6,84,6,1,9.5
STORY,LOW,5,63,0,2,9,3,3,64,7,4,22.4
BUG,MEDIUM,5,35,331,1,6,2,5,10,6,5,26.2
BUG,LOW,3,84,0,1,2,1,4,13,5,2,8.8
STORY,MEDIUM,13,81,380,3,12,4,5,63,10,5,98.8
STORY,HIGH,1,49,328,3,10,4,5,35,5,1,8.6
STORY,MEDIUM,1,52,275,1,11,4,1,61,9,5,7.9
STORY,MEDIUM,5,31,106,4,7,3,0,54,8,2,25.7
EPIC,HIGH,5,29,0,1,9,3,0,8,10,4,44.8
STORY,MEDIUM,1,17,281,3,6,2,5,29,4,3,6.5
TASK,HIGH,2,38,431,1,3,1,3,41,4,4,12.6
STORY,MEDIUM,1,49,0,3,7,3,0,30,10,2,5.0
BUG,MEDIUM,2,99,0,4,5,2,5,86,5,2,8.2
TASK,HIGH,5,39,113,0,1,1,0,21,3,1,29.8
BUG,CRITICAL,3,90,281,4,3,1,3,76,8,5,14.6
BUG,MEDIUM,2,93,338,3,5,2,4,11,7,5,9.5
BUG,MEDIUM,2,64,262,3,7,3,6,2,5,4,9.7
STORY,CRITICAL,1,25,307,1,3,1,5,50,10,3,9.7
TASK,LOW,2,55,0,3,6,2,2,41,3,3,10.5
TASK,CRITICAL,3,71,224,3,5,2,2,66,5,1,20.5
EPIC,MEDIUM,13,16,0,1,1,1,5,3,3,2,100.0
STORY,LOW,5,89,0,4,10,4,1,80,10,1,30.9
TASK,HIGH,1,54,275,0,6,2,4,51,5,5,5.9
TASK,HIGH,8,68,133,0,8,3,1,68,1,2,41.8
STORY,HIGH,5,65,340,2,1,1,6,87,6,1,38.2
STORY,HIGH,5,57,484,2,2,1,2,84,10,4,39.6
TASK,HIGH,3,36,419,2,4,2,3,25,4,5,20.8
BUG,MEDIUM,2,62,0,0,12,4,5,30,4,3,8.3
TASK,CRITICAL,2,96,0,4,2,1,6,82,8,1,14.3
STORY,MEDIUM,1,97,0,0,11,4,0,11,2,5,6.0
TASK,LOW,2,82,303,0,9,3,2,17,4,5,8.5
STORY,LOW,2,44,137,0,10,4,4,26,2,3,13.0
STORY,MEDIUM,3,60,121,2,8,3,2,23,1,3,17.4
STORY,HIGH,5,93,430,4,8,3,4,56,10,3,48.1
TASK,MEDIUM,3,46,79,2,4,2,4,52,3,1,13.1
BUG,MEDIUM,1,90,0,3,5,2,5,48,8,3,4.7
BUG,MEDIUM,13,66,0,0,4,2,4,20,6,4,43.5
STORY,HIGH,8,17,443,2,9,3,1,2,7,5,58.0
TASK,LOW,5,88,392,1,2,1,6,88,2,3,21.3
STORY,MEDIUM,13,29,485,1,11,4,3,31,6,5,100.0
TASK,HIGH,3,62,0,0,8,3,2,27,8,2,19.7
BUG,HIGH,13,21,188,2,2,1,3,2,8,2,62.6
STORY,MEDIUM,1,58,243,2,1,1,6,78,4,3,7.7
BUG,LOW,2,26,0,3,10,4,0,4,6,5,7.5
STORY,MEDIUM,2,73,267,1,3,1,6,13,5,2,14.0
TASK,MEDIUM,2,51,213,0,9,3,2,35,9,3,12.4
BUG,CRITICAL,1,38,210,2,12,4,3,72,8,5,5.2
STORY,MEDIUM,3,28,0,0,3,1,3,66,2,3,17.0
TASK,MEDIUM,5,20,62,3,9,3,5,6,7,5,29.8
STORY,CRITICAL,3,59,345,2,7,3,5,31,7,2,30.9
BUG,HIGH,1,80,138,0,10,4,6,10,1,3,5.8
TASK,MEDIUM,5,67,373,4,1,1,6,21,1,2,33.3
BUG,HIGH,3,43,91,2,10,4,0,74,4,3,12.2
STORY,MEDIUM,2,29,452,0,5,2,4,23,5,1,16.0
TASK,HIGH,5,59,259,2,9,3,2,3,4,2,30.6
BUG,CRITICAL,2,97,278,1,12,4,5,32,7,2,13.8
STORY,HIGH,2,19,0,3,3,1,2,20,3,4,13.6
STORY,LOW,8,41,324,3,9,3,0,74,7,2,49.8
TASK,LOW,2,61,0,5,5,2,5,29,8,5,9.1
BUG,LOW,3,24,328,2,9,3,5,52,6,3,11.3
BUG,MEDIUM,8,93,300,1,10,4,4,46,6,1,29.7
TASK,HIGH,5,12,359,3,6,2,2,34,8,5,38.1
TASK,MEDIUM,1,46,257,0,9,3,2,84,8,5,6.2
STORY,MEDIUM,1,49,370,2,7,3,2,61,7,5,5.9
STORY,LOW,1,81,0,2,7,3,4,72,6,5,6.0
STORY,CRITICAL,3,49,329,0,8,3,5,71,6,1,27.8
TASK,MEDIUM,3,65,83,1,7,3,0,70,10,4,14.9
STORY,HIGH,1,32,0,3,12,4,2,11,6,2,6.2
BUG,HIGH,13,20,0,3,9,3,3,82,8,5,68.4
TASK,MEDIUM,3,73,67,0,11,4,4,89,1,2,16.6
TASK,MEDIUM,2,17,106,0,9,3,1,63,5,2,10.6
STORY,HIGH,3,65,161,1,6,2,0,21,3,5,23.0
TASK,HIGH,5,69,54,3,7,3,3,3,8,4,24.6
STORY,MEDIUM,1,19,0,0,2,1,2,82,6,2,5.9
TASK,MEDIUM,2,48,463,2,9,3,1,88,2,3,10.4
STORY,LOW,5,37,231,0,12,4,0,10,7,2,26.1
STORY,LOW,3,58,62,2,1,1,4,27,7,5,17.7
TASK,MEDIUM,3,45,388,1,1,1,1,12,5,1,20.2
STORY,HIGH,3,22,334,3,3,1,5,7,8,2,22.6
STORY,MEDIUM,1,45,308,1,12,4,6,17,5,4,6.0
TASK,MEDIUM,2,35,139,2,6,2,1,65,1,3,11.2
TASK,HIGH,3,95,0,1,5,2,6,64,9,3,19.8
BUG,LOW,2,13,428,2,2,1,3,26,4,1,9.3
BUG,CRITICAL,1,91,235,3,9,3,0,15,2,1,6.5
BUG,LOW,5,73,299,0,10,4,3,33,4,2,20.4
STORY,MEDIUM,13,47,0,3,4,2,3,62,9,5,85.9
STORY,MEDIUM,5,97,125,2,4,2,2,47,2,4,27.0
STORY,MEDIUM,8,96,0,0,5,2,4,35,4,3,45.1
TASK,LOW,2,31,157,1,8,3,1,65,2,1,9.1
BUG,MEDIUM,13,11,205,0,10,4,0,72,5,4,56.5
BUG,MEDIUM,2,40,131,2,4,2,5,76,3,5,9.9
BUG,CRITICAL,13,20,0,3,5,2,4,83,10,3,77.7
TASK,MEDIUM,13,55,307,0,12,4,4,25,2,3,62.3
STORY,HIGH,5,71,176,2,4,2,0,57,9,5,32.1
BUG,MEDIUM,13,78,440,3,6,2,4,32,5,3,57.7
BUG,MEDIUM,3,73,331,4,12,4,2,63,10,5,12.5
BUG,MEDIUM,2,19,137,2,3,1,4,12,5,3,8.8
STORY,CRITICAL,3,49,253,4,8,3,2,63,1,2,29.9
TASK,CRITICAL,3,33,0,2,6,2,1,77,6,5,23.1
TASK,MEDIUM,1,53,0,1,10,4,1,1,7,4,5.3
BUG,CRITICAL,3,69,473,3,5,2,3,51,1,2,21.1
BUG,CRITICAL,13,71,303,1,2,1,2,70,9,4,76.6
TASK,CRITICAL,2,96,237,1,10,4,5,8,8,3,12.6
TASK,LOW,5,26,0,1,10,4,1,68,8,4,22.7
STORY,MEDIUM,8,74,0,3,7,3,4,5,7,2,49.1
BUG,HIGH,8,66,320,3,2,1,0,89,5,5,45.5
BUG,HIGH,13,64,0,1,1,1,0,86,3,1,53.1
BUG,HIGH,3,62,54,1,7,3,6,39,9,4,13.4
TASK,MEDIUM,13,65,0,1,5,2,2,23,7,1,61.5
TASK,MEDIUM,5,18,357,2,1,1,5,68,10,4,33.8
TASK,HIGH,2,31,382,1,4,2,3,52,10,4,13.0
BUG,HIGH,3,22,0,3,12,4,4,4,8,5,15.2
STORY,CRITICAL,5,98,230,1,4,2,2,47,6,3,46.9
EPIC,MEDIUM,2,57,0,1,10,4,6,21,5,2,13.6
TASK,MEDIUM,3,27,227,0,7,3,0,56,8,2,16.8
STORY,HIGH,5,85,192,1,9,3,2,66,3,2,43.0
TASK,CRITICAL,2,49,411,4,2,1,4,59,7,3,15.0
TASK,CRITICAL,3,26,297,1,12,4,5,7,2,1,25.7
BUG,LOW,5,24,176,0,1,1,5,49,3,2,17.1
BUG,HIGH,3,24,0,1,2,1,1,16,2,1,11.4
STORY,MEDIUM,1,88,0,1,7,3,4,17,5,3,6.9
STORY,MEDIUM,1,72,461,0,10,4,6,84,7,3,8.1
STORY,HIGH,2,48,465,1,6,2,1,87,10,5,19.6
TASK,HIGH,8,22,404,2,4,2,1,75,10,2,57.3
STORY,HIGH,2,90,304,2,1,1,1,34,1,5,18.2
STORY,MEDIUM,3,41,192,1,1,1,2,33,10,2,21.9
STORY,MEDIUM,2,18,289,1,5,2,6,26,9,3,15.2
BUG,MEDIUM,2,49,277,4,1,1,0,66,1,3,9.1
TASK,MEDIUM,5,29,390,1,12,4,5,63,1,4,27.5
STORY,CRITICAL,5,99,247,1,7,3,2,87,10,4,50.3
STORY,LOW,1,94,0,1,11,4,0,41,8,3,5.3
TASK,MEDIUM,3,91,0,1,1,1,5,86,6,3,15.2
BUG,HIGH,1,86,0,3,1,1,6,58,6,1,4.5
STORY,LOW,3,89,0,1,2,1,6,79,9,1,16.6
BUG,MEDIUM,5,82,75,2,11,4,4,10,4,5,20.4
STORY,MEDIUM,1,72,494,0,12,4,5,15,8,4,5.9
STORY,MEDIUM,2,85,470,1,10,4,5,42,4,4,16.4
BUG,LOW,2,53,200,3,3,1,6,57,2,3,7.6
BUG,MEDIUM,8,47,270,1,11,4,5,87,8,3,36.7
TASK,HIGH,13,92,0,2,1,1,3,17,7,5,64.0
STORY,HIGH,1,69,0,1,9,3,4,60,4,4,5.5
BUG,LOW,5,80,0,2,10,4,2,9,9,1,16.2
BUG,HIGH,2,57,268,0,8,3,2,36,9,2,11.0
STORY,HIGH,2,27,0,3,5,2,0,73,8,5,11.6
BUG,MEDIUM,5,25,0,0,11,4,2,80,1,2,23.3
STORY,MEDIUM,8,64,172,3,2,1,1,36,7,1,45.5
EPIC,MEDIUM,13,48,193,1,5,2,5,48,5,1,92.6
STORY,LOW,3,77,0,2,6,2,2,51,7,2,14.1
BUG,HIGH,2,68,304,1,1,1,0,70,9,5,8.3
STORY,HIGH,5,98,117,4,11,4,0,74,2,2,40.0
EPIC,HIGH,2,71,153,0,4,2,1,80,4,5,21.1
BUG,LOW,3,22,385,0,9,3,0,68,4,5,13.0
BUG,MEDIUM,2,90,0,1,2,1,6,22,2,3,7.0
STORY,HIGH,5,15,0,0,5,2,3,77,3,4,31.5
TASK,LOW,2,92,411,0,1,1,6,80,8,4,10.4
STORY,LOW,2,86,458,4,4,2,5,6,9,1,15.1
TASK,LOW,8,69,349,5,4,2,5,26,6,3,36.9
STORY,LOW,1,99,445,1,6,2,5,75,10,4,7.0
STORY,HIGH,3,23,139,4,10,4,4,88,2,5,21.3
STORY,MEDIUM,2,63,406,2,9,3,2,3,2,5,12.8
BUG,MEDIUM,1,13,305,1,3,1,3,52,7,2,4.4
BUG,LOW,1,48,402,2,9,3,2,74,8,2,3.5
STORY,MEDIUM,2,81,0,2,6,2,3,60,8,5,13.4
TASK,MEDIUM,8,34,58,5,7,3,2,63,6,5,36.7
BUG,MEDIUM,2,86,0,1,12,4,1,65,10,2,8.7
BUG,HIGH,13,41,0,2,10,4,6,52,8,4,49.5
BUG,MEDIUM,3,68,487,0,2,1,0,90,1,1,16.9
BUG,LOW,3,72,0,0,11,4,0,76,9,2,9.5
BUG,LOW,3,47,0,0,10,4,6,14,1,4,12.5
STORY,CRITICAL,3,62,0,5,6,2,1,89,3,4,26.3
STORY,HIGH,5,76,361,3,6,2,3,72,9,4,46.9
TASK,HIGH,2,37,148,3,2,1,6,68,5,3,12.1
TASK,MEDIUM,2,12,246,2,2,1,4,28,9,3,12.0
STORY,LOW,8,89,0,1,2,1,3,71,9,4,41.0
STORY,HIGH,8,31,275,0,10,4,0,10,6,5,53.5
BUG,MEDIUM,8,47,382,1,12,4,4,57,1,3,36.0
BUG,LOW,3,81,152,1,1,1,2,66,10,2,9.9
STORY,MEDIUM,5,81,155,3,5,2,4,90,7,3,38.0
STORY,MEDIUM,3,71,0,2,8,3,3,50,6,5,15.1
TASK,MEDIUM,3,66,417,0,2,1,1,14,9,1,18.1
BUG,MEDIUM,2,15,107,0,5,2,2,16,7,3,8.8
STORY,HIGH,3,87,127,0,12,4,3,54,4,4,22.1
STORY,MEDIUM,2,41,124,1,8,3,2,43,7,4,13.4
STORY,MEDIUM,2,19,91,4,10,4,4,42,2,4,10.5
BUG,LOW,8,12,471,2,5,2,0,81,6,1,35.0
STORY,MEDIUM,2,68,373,3,2,1,3,22,6,5,12.6
STORY,MEDIUM,1,85,230,1,3,1,1,68,2,2,7.7
TASK,HIGH,1,58,82,1,6,2,6,19,4,5,6.6
STORY,MEDIUM,8,68,0,0,11,4,4,66,8,1,57.1
BUG,CRITICAL,3,40,105,3,11,4,3,39,8,4,13.2
STORY,HIGH,3,78,154,3,5,2,1,73,8,5,20.1
STORY,MEDIUM,5,71,249,0,11,4,3,19,8,2,29.0
STORY,LOW,5,61,0,2,4,2,4,16,1,4,21.7
TASK,CRITICAL,2,98,305,1,4,2,3,54,2,2,13.1
TASK,MEDIUM,5,50,356,2,5,2,2,25,4,3,30.6
TASK,LOW,5,40,123,4,2,1,4,18,9,2,21.1
STORY,HIGH,5,94,220,2,9,3,3,23,3,4,37.7
BUG,MEDIUM,2,93,426,2,2,1,6,85,6,3,10.8
STORY,MEDIUM,8,31,0,0,10,4,0,11,7,4,51.7
STORY,MEDIUM,3,13,215,0,2,1,3,39,8,4,18.7
TASK,HIGH,2,22,0,0,10,4,2,68,7,3,10.9
STORY,HIGH,3,54,0,0,9,3,1,25,3,2,20.3
STORY,MEDIUM,1,51,270,2,3,1,6,63,6,1,5.8
STORY,MEDIUM,1,58,132,2,10,4,1,30,5,1,6.7
STORY,CRITICAL,5,29,231,0,7,3,6,45,10,1,40.3
STORY,MEDIUM,1,86,356,3,4,2,1,90,4,1,7.8
BUG,CRITICAL,3,90,59,0,6,2,0,61,1,5,17.6
BUG,MEDIUM,3,63,445,1,4,2,2,51,7,1,14.8
TASK,HIGH,1,45,0,1,10,4,4,9,8,3,5.4
TASK,LOW,13,10,400,1,7,3,1,76,2,1,60.0
STORY,HIGH,2,24,451,1,1,1,6,2,7,4,18.1
STORY,HIGH,2,86,385,1,3,1,2,5,6,1,15.8
STORY,HIGH,2,26,0,1,3,1,3,62,5,2,12.3
BUG,HIGH,2,33,330,5,1,1,0,69,4,3,9.1
STORY,LOW,1,67,0,0,6,2,2,52,2,3,4.7
BUG,LOW,5,81,0,0,11,4,2,86,10,5,20.0
BUG,HIGH,13,32,469,0,9,3,4,5,6,4,63.3
BUG,MEDIUM,2,55,150,2,8,3,2,59,5,3,8.6
BUG,MEDIUM,5,81,58,0,11,4,4,68,2,2,20.1
STORY,LOW,5,17,110,3,7,3,0,9,10,1,29.1
TASK,MEDIUM,5,68,358,2,10,4,0,22,7,3,32.9
TASK,HIGH,3,99,195,2,8,3,3,27,6,2,21.3
STORY,MEDIUM,2,68,476,2,6,2,4,10,9,1,14.0
TASK,MEDIUM,2,22,0,0,9,3,4,80,10,5,8.1
BUG,CRITICAL,5,48,112,0,3,1,1,61,5,3,26.4
TASK,MEDIUM,5,37,170,1,10,4,1,51,9,3,27.8
TASK,HIGH,2,98,275,2,10,4,3,10,9,2,13.1
BUG,MEDIUM,2,70,154,1,9,3,0,6,1,4,9.0
STORY,CRITICAL,8,25,309,0,4,2,5,62,5,5,60.4
STORY,MEDIUM,5,11,398,5,7,3,1,5,9,4,36.8
BUG,MEDIUM,13,91,474,0,9,3,2,70,7,3,54.0
BUG,MEDIUM,5,26,0,3,2,1,0,63,6,4,22.0
STORY,CRITICAL,2,39,478,3,2,1,5,56,6,1,17.4
STORY,MEDIUM,3,22,483,1,9,3,2,59,7,5,23.3
TASK,MEDIUM,5,91,256,0,12,4,6,63,1,4,22.6
EPIC,MEDIUM,1,22,0,0,3,1,4,89,4,1,7.2
BUG,MEDIUM,3,52,219,2,9,3,0,59,1,2,14.1
STORY,MEDIUM,5,94,385,2,5,2,6,51,6,4,30.8
STORY,LOW,2,30,125,3,6,2,3,50,4,5,12.7
STORY,HIGH,5,64,165,4,2,1,4,4,1,1,38.7
TASK,LOW,3,90,118,2,8,3,4,48,9,4,14.6
STORY,MEDIUM,13,49,403,0,11,4,2,32,4,2,85.3
BUG,CRITICAL,1,92,283,1,9,3,6,51,6,4,5.7
STORY,CRITICAL,2,24,50,3,2,1,4,52,7,1,16.5
BUG,HIGH,3,82,0,1,6,2,1,74,8,4,13.6
BUG,MEDIUM,2,61,401,0,6,2,0,34,9,5,10.0
TASK,MEDIUM,5,83,267,2,8,3,1,36,9,3,26.9
STORY,MEDIUM,5,62,322,1,10,4,2,70,8,1,29.8
STORY,MEDIUM,1,96,0,4,12,4,5,43,10,1,5.3
STORY,MEDIUM,3,61,300,2,5,2,2,16,3,1,16.2
TASK,HIGH,3,39,0,0,9,3,0,59,2,1,15.9
TASK,HIGH,2,42,0,4,1,1,4,53,5,4,12.6
BUG,MEDIUM,8,66,468,1,9,3,6,19,1,5,42.5
BUG,CRITICAL,5,61,223,1,10,4,6,89,3,2,24.9
BUG,HIGH,5,18,219,1,7,3,3,41,1,5,29.6
STORY,MEDIUM,5,63,295,0,4,2,2,81,3,1,33.6
TASK,MEDIUM,3,10,0,1,3,1,0,47,4,4,17.5
BUG,LOW,8,53,139,0,10,4,3,54,7,4,32.9
STORY,LOW,5,84,98,1,11,4,4,55,5,1,30.6
BUG,MEDIUM,5,89,0,1,6,2,5,19,5,4,16.7
STORY,MEDIUM,8,18,343,3,12,4,2,62,1,1,48.5
STORY,MEDIUM,2,41,456,3,1,1,5,59,8,5,11.4
TASK,MEDIUM,5,24,199,0,3,1,0,65,4,3,29.3
STORY,HIGH,2,21,181,1,2,1,5,68,10,4,13.9
BUG,MEDIUM,2,87,482,1,11,4,5,28,5,1,10.6
STORY,LOW,2,66,108,0,9,3,0,18,2,1,10.5
STORY,HIGH,13,17,373,3,3,1,0,26,1,4,100.0
STORY,MEDIUM,8,81,0,2,2,1,2,19,9,2,40.9
STORY,MEDIUM,5,36,264,0,4,2,5,55,2,1,28.8
TASK,HIGH,5,71,435,1,2,1,3,57,6,4,31.6
STORY,HIGH,3,21,98,0,1,1,0,6,1,1,20.7
BUG,HIGH,8,74,281,2,6,2,4,1,1,2,38.5
BUG,CRITICAL,3,51,296,0,10,4,5,8,9,3,19.3
BUG,CRITICAL,2,71,431,5,8,3,0,51,4,2,10.2
TASK,LOW,2,20,0,3,10,4,3,85,9,5,8.5
TASK,HIGH,5,52,464,1,10,4,6,88,5,4,38.7
STORY,MEDIUM,5,26,416,2,2,1,2,25,7,2,28.9
STORY,HIGH,2,41,0,4,9,3,5,47,1,3,16.2
STORY,LOW,1,94,97,2,3,1,6,55,6,1,6.7
BUG,HIGH,5,94,100,0,8,3,0,64,8,4,20.0
STORY,MEDIUM,1,49,348,1,12,4,0,83,1,2,6.3
BUG,LOW,5,32,0,3,8,3,4,10,9,3,17.1
BUG,LOW,13,65,0,2,3,1,4,56,3,2,52.0
STORY,HIGH,3,15,265,2,3,1,5,12,1,5,23.8
TASK,LOW,2,95,0,3,12,4,6,33,1,4,9.5
STORY,MEDIUM,5,59,429,3,6,2,6,71,6,1,38.8
STORY,MEDIUM,5,46,129,4,1,1,0,17,6,3,26.7
TASK,HIGH,3,73,0,0,4,2,5,61,1,2,19.5
BUG,CRITICAL,13,63,0,2,1,1,0,10,3,4,73.2
BUG,MEDIUM,1,81,448,2,3,1,4,31,7,2,4.9
BUG,MEDIUM,3,58,76,3,9,3,3,60,10,4,14.3
STORY,MEDIUM,5,20,497,2,5,2,1,70,3,5,38.8
TASK,MEDIUM,8,97,463,0,12,4,1,17,3,2,41.8
TASK,MEDIUM,2,58,469,3,5,2,0,50,3,5,11.5
BUG,HIGH,5,30,244,2,11,4,6,37,7,3,25.2
STORY,MEDIUM,3,75,263,0,4,2,4,82,4,5,16.4
BUG,HIGH,2,72,418,1,3,1,2,62,4,4,12.7
STORY,MEDIUM,1,92,391,0,5,2,2,90,3,3,5.9
STORY,MEDIUM,8,37,163,1,11,4,1,80,10,2,55.2
TASK,LOW,2,26,0,0,4,2,3,72,9,2,9.0
STORY,CRITICAL,2,15,173,1,8,3,1,88,2,4,13.5
EPIC,CRITICAL,2,28,0,2,4,2,0,77,4,1,22.8
BUG,HIGH,8,65,0,2,11,4,3,29,8,1,42.0
